"obsTime","obsValue"
2010,658425707.649517
2011,673036923.153784
2012,662618191.332256
2013,660183922.624645
2014,661272519.843262
2015,540989792.98765
2016,365748785.3
2017,185549499.1
